Context_ID,Event_ID,Lake_ID,Lake_Name,Rainfall_mm,Air_Temp_C,Water_Temp_C,Lake_Level_m,Turbidity_NTU,TSS_mg_L,Conductivity_uS_cm,pH,DO_mg_L,Catchment_Urban_Land_pct,Population_Density_per_km2,Wastewater_Input_Category,Data_Source,Temporal_Match,Context_Status,Notes
DCTX001,DEVT001,DL001,Demo Urban North,21,20.2,18.7,,2.8,7,275,7.25,6.6,67,4300,Synthetic category,Synthetic demonstration generator,Exact synthetic event match,Synthetic / model-ready example,Fictional environmental values for software demonstration only.
DCTX002,DEVT002,DL001,Demo Urban North,45,29.2,27.7,,3.5,8,280,7.25,6.4,67,4300,Synthetic category,Synthetic demonstration generator,Exact synthetic event match,Synthetic / model-ready example,Fictional environmental values for software demonstration only.
DCTX003,DEVT003,DL001,Demo Urban North,263,27.2,25.7,,4.2,9,285,7.25,6.2,67,4300,Synthetic category,Synthetic demonstration generator,Exact synthetic event match,Synthetic / model-ready example,Fictional environmental values for software demonstration only.
DCTX004,DEVT004,DL001,Demo Urban North,88,26.2,24.7,,4.9,10,290,7.25,6.0,67,4300,Synthetic category,Synthetic demonstration generator,Exact synthetic event match,Synthetic / model-ready example,Fictional environmental values for software demonstration only.
DCTX005,DEVT005,DL002,Demo Urban West,24,20.4,18.9,,2.9,8,295,7.3,6.6,64,4100,Synthetic category,Synthetic demonstration generator,Exact synthetic event match,Synthetic / model-ready example,Fictional environmental values for software demonstration only.
DCTX006,DEVT006,DL002,Demo Urban West,48,29.4,27.9,,3.6,9,300,7.3,6.4,64,4100,Synthetic category,Synthetic demonstration generator,Exact synthetic event match,Synthetic / model-ready example,Fictional environmental values for software demonstration only.
DCTX007,DEVT007,DL002,Demo Urban West,266,27.4,25.9,,4.3,10,305,7.3,6.2,64,4100,Synthetic category,Synthetic demonstration generator,Exact synthetic event match,Synthetic / model-ready example,Fictional environmental values for software demonstration only.
DCTX008,DEVT008,DL002,Demo Urban West,91,26.4,24.9,,5.0,11,310,7.3,6.0,64,4100,Synthetic category,Synthetic demonstration generator,Exact synthetic event match,Synthetic / model-ready example,Fictional environmental values for software demonstration only.
DCTX009,DEVT009,DL003,Demo Urban South,27,20.6,19.1,,3.0,9,315,7.35,6.6,61,3900,Synthetic category,Synthetic demonstration generator,Exact synthetic event match,Synthetic / model-ready example,Fictional environmental values for software demonstration only.
DCTX010,DEVT010,DL003,Demo Urban South,51,29.6,28.1,,3.7,10,320,7.35,6.4,61,3900,Synthetic category,Synthetic demonstration generator,Exact synthetic event match,Synthetic / model-ready example,Fictional environmental values for software demonstration only.
DCTX011,DEVT011,DL003,Demo Urban South,269,27.6,26.1,,4.4,11,325,7.35,6.2,61,3900,Synthetic category,Synthetic demonstration generator,Exact synthetic event match,Synthetic / model-ready example,Fictional environmental values for software demonstration only.
DCTX012,DEVT012,DL003,Demo Urban South,94,26.6,25.1,,5.1,12,330,7.35,6.0,61,3900,Synthetic category,Synthetic demonstration generator,Exact synthetic event match,Synthetic / model-ready example,Fictional environmental values for software demonstration only.
DCTX013,DEVT013,DL004,Demo Reference Hill,30,20.8,19.3,,3.1,10,335,7.4,6.6,24,1100,Synthetic category,Synthetic demonstration generator,Exact synthetic event match,Synthetic / model-ready example,Fictional environmental values for software demonstration only.
DCTX014,DEVT014,DL004,Demo Reference Hill,54,29.8,28.3,,3.8,11,340,7.4,6.4,24,1100,Synthetic category,Synthetic demonstration generator,Exact synthetic event match,Synthetic / model-ready example,Fictional environmental values for software demonstration only.
DCTX015,DEVT015,DL004,Demo Reference Hill,272,27.8,26.3,,4.5,12,345,7.4,6.2,24,1100,Synthetic category,Synthetic demonstration generator,Exact synthetic event match,Synthetic / model-ready example,Fictional environmental values for software demonstration only.
DCTX016,DEVT016,DL004,Demo Reference Hill,97,26.8,25.3,,5.2,13,350,7.4,6.0,24,1100,Synthetic category,Synthetic demonstration generator,Exact synthetic event match,Synthetic / model-ready example,Fictional environmental values for software demonstration only.
DCTX017,DEVT017,DL005,Demo Reference East,33,21.0,19.5,,3.2,11,355,7.45,6.6,25,1150,Synthetic category,Synthetic demonstration generator,Exact synthetic event match,Synthetic / model-ready example,Fictional environmental values for software demonstration only.
DCTX018,DEVT018,DL005,Demo Reference East,57,30.0,28.5,,3.9,12,360,7.45,6.4,25,1150,Synthetic category,Synthetic demonstration generator,Exact synthetic event match,Synthetic / model-ready example,Fictional environmental values for software demonstration only.
DCTX019,DEVT019,DL005,Demo Reference East,275,28.0,26.5,,4.6,13,365,7.45,6.2,25,1150,Synthetic category,Synthetic demonstration generator,Exact synthetic event match,Synthetic / model-ready example,Fictional environmental values for software demonstration only.
DCTX020,DEVT020,DL005,Demo Reference East,100,27.0,25.5,,5.3,14,370,7.45,6.0,25,1150,Synthetic category,Synthetic demonstration generator,Exact synthetic event match,Synthetic / model-ready example,Fictional environmental values for software demonstration only.
DCTX021,DEVT021,DL006,Demo Reference Coastal,36,21.2,19.7,,3.3,12,375,7.5,6.6,26,1200,Synthetic category,Synthetic demonstration generator,Exact synthetic event match,Synthetic / model-ready example,Fictional environmental values for software demonstration only.
DCTX022,DEVT022,DL006,Demo Reference Coastal,60,30.2,28.7,,4.0,13,380,7.5,6.4,26,1200,Synthetic category,Synthetic demonstration generator,Exact synthetic event match,Synthetic / model-ready example,Fictional environmental values for software demonstration only.
DCTX023,DEVT023,DL006,Demo Reference Coastal,278,28.2,26.7,,4.7,14,385,7.5,6.2,26,1200,Synthetic category,Synthetic demonstration generator,Exact synthetic event match,Synthetic / model-ready example,Fictional environmental values for software demonstration only.
DCTX024,DEVT024,DL006,Demo Reference Coastal,103,27.2,25.7,,5.4,15,390,7.5,6.0,26,1200,Synthetic category,Synthetic demonstration generator,Exact synthetic event match,Synthetic / model-ready example,Fictional environmental values for software demonstration only.
