Morph_ID,Event_ID,Lake_ID,Lake_Name,Fibres_pct,Fragments_pct,Films_pct,Beads_pct,Sum_pct,Composition_Level,QA_Note
DMO001,DEVT001,DL001,Demo Urban North,36,33,22,9,100,Lake-event summary,Synthetic deterministic example.
DMO002,DEVT002,DL001,Demo Urban North,38,32,18,12,100,Lake-event summary,Synthetic deterministic example.
DMO003,DEVT003,DL001,Demo Urban North,40,31,20,9,100,Lake-event summary,Synthetic deterministic example.
DMO004,DEVT004,DL001,Demo Urban North,42,30,22,6,100,Lake-event summary,Synthetic deterministic example.
DMO005,DEVT005,DL002,Demo Urban West,40,30,18,12,100,Lake-event summary,Synthetic deterministic example.
DMO006,DEVT006,DL002,Demo Urban West,42,29,20,9,100,Lake-event summary,Synthetic deterministic example.
DMO007,DEVT007,DL002,Demo Urban West,44,28,22,6,100,Lake-event summary,Synthetic deterministic example.
DMO008,DEVT008,DL002,Demo Urban West,46,27,18,9,100,Lake-event summary,Synthetic deterministic example.
DMO009,DEVT009,DL003,Demo Urban South,32,33,20,15,100,Lake-event summary,Synthetic deterministic example.
DMO010,DEVT010,DL003,Demo Urban South,34,32,22,12,100,Lake-event summary,Synthetic deterministic example.
DMO011,DEVT011,DL003,Demo Urban South,36,31,18,15,100,Lake-event summary,Synthetic deterministic example.
DMO012,DEVT012,DL003,Demo Urban South,38,30,20,12,100,Lake-event summary,Synthetic deterministic example.
DMO013,DEVT013,DL004,Demo Reference Hill,36,30,22,12,100,Lake-event summary,Synthetic deterministic example.
DMO014,DEVT014,DL004,Demo Reference Hill,38,29,18,15,100,Lake-event summary,Synthetic deterministic example.
DMO015,DEVT015,DL004,Demo Reference Hill,40,28,20,12,100,Lake-event summary,Synthetic deterministic example.
DMO016,DEVT016,DL004,Demo Reference Hill,42,27,22,9,100,Lake-event summary,Synthetic deterministic example.
DMO017,DEVT017,DL005,Demo Reference East,40,33,18,9,100,Lake-event summary,Synthetic deterministic example.
DMO018,DEVT018,DL005,Demo Reference East,42,32,20,6,100,Lake-event summary,Synthetic deterministic example.
DMO019,DEVT019,DL005,Demo Reference East,44,31,22,3,100,Lake-event summary,Synthetic deterministic example.
DMO020,DEVT020,DL005,Demo Reference East,46,30,18,6,100,Lake-event summary,Synthetic deterministic example.
DMO021,DEVT021,DL006,Demo Reference Coastal,32,30,20,18,100,Lake-event summary,Synthetic deterministic example.
DMO022,DEVT022,DL006,Demo Reference Coastal,34,29,22,15,100,Lake-event summary,Synthetic deterministic example.
DMO023,DEVT023,DL006,Demo Reference Coastal,36,28,18,18,100,Lake-event summary,Synthetic deterministic example.
DMO024,DEVT024,DL006,Demo Reference Coastal,38,27,20,15,100,Lake-event summary,Synthetic deterministic example.
