Polymer_ID,Event_ID,Lake_ID,Lake_Name,PE_pct,PP_pct,PET_PES_pct,PA_Nylon_pct,PS_EPS_pct,PVC_pct,OtherPolymer_pct,Polymer_Richness,Polymer_Shannon,Polymer_Profile_N,Sum_pct,Composition_Level,QA_Note
DPO001,DEVT001,DL001,Demo Urban North,23.595506,22.47191,19.101124,8.988764,12.359551,6.741573,6.741572,7,1.831021,20,100.0,Lake-event summary,Synthetic deterministic example.
DPO002,DEVT002,DL001,Demo Urban North,22.340426,23.404255,19.148936,8.510638,12.765957,7.446809,6.382979,7,1.832753,20,100.0,Lake-event summary,Synthetic deterministic example.
DPO003,DEVT003,DL001,Demo Urban North,21.212121,24.242424,19.191919,8.080808,13.131313,8.080808,6.060607,7,1.832306,20,100.0,Lake-event summary,Synthetic deterministic example.
DPO004,DEVT004,DL001,Demo Urban North,22.105263,27.368421,15.789474,8.421053,14.736842,5.263158,6.315789,7,1.799705,20,100.0,Lake-event summary,Synthetic deterministic example.
DPO005,DEVT005,DL002,Demo Urban West,23.655914,21.505376,19.354839,9.677419,11.827957,7.526882,6.451613,7,1.839394,20,100.0,Lake-event summary,Synthetic deterministic example.
DPO006,DEVT006,DL002,Demo Urban West,23.157895,23.157895,20.0,9.473684,12.631579,5.263158,6.315789,7,1.813436,20,100.0,Lake-event summary,Synthetic deterministic example.
DPO007,DEVT007,DL002,Demo Urban West,22.916667,25.0,15.625,9.375,13.541667,7.291667,6.249999,7,1.831137,20,100.0,Lake-event summary,Synthetic deterministic example.
DPO008,DEVT008,DL002,Demo Urban West,22.44898,26.530612,16.326531,9.183673,14.285714,5.102041,6.122449,7,1.803392,20,100.0,Lake-event summary,Synthetic deterministic example.
DPO009,DEVT009,DL003,Demo Urban South,23.71134,20.618557,19.587629,10.309278,11.340206,8.247423,6.185567,7,1.845184,20,100.0,Lake-event summary,Synthetic deterministic example.
DPO010,DEVT010,DL003,Demo Urban South,24.210526,23.157895,15.789474,10.526316,12.631579,7.368421,6.315789,7,1.838543,20,100.0,Lake-event summary,Synthetic deterministic example.
DPO011,DEVT011,DL003,Demo Urban South,23.469388,24.489796,16.326531,10.204082,13.265306,6.122449,6.122448,7,1.823515,20,100.0,Lake-event summary,Synthetic deterministic example.
DPO012,DEVT012,DL003,Demo Urban South,22.772277,25.742574,16.831683,9.90099,13.861386,4.950495,5.940595,7,1.805597,20,100.0,Lake-event summary,Synthetic deterministic example.
DPO013,DEVT013,DL004,Demo Reference Hill,27.272727,22.727273,17.045455,7.954545,12.5,5.681818,6.818182,7,1.800011,20,100.0,Lake-event summary,Synthetic deterministic example.
DPO014,DEVT014,DL004,Demo Reference Hill,26.086957,23.913043,17.391304,7.608696,13.043478,5.434783,6.521739,7,1.794879,20,100.0,Lake-event summary,Synthetic deterministic example.
DPO015,DEVT015,DL004,Demo Reference Hill,25.0,25.0,17.708333,7.291667,13.541667,5.208333,6.25,7,1.78857,20,100.0,Lake-event summary,Synthetic deterministic example.
DPO016,DEVT016,DL004,Demo Reference Hill,24.0,26.0,18.0,7.0,14.0,5.0,6.0,7,1.781406,20,100.0,Lake-event summary,Synthetic deterministic example.
DPO017,DEVT017,DL005,Demo Reference East,27.173913,21.73913,17.391304,8.695652,11.956522,6.521739,6.52174,7,1.812425,20,100.0,Lake-event summary,Synthetic deterministic example.
DPO018,DEVT018,DL005,Demo Reference East,25.773196,22.680412,17.525773,8.247423,12.371134,7.216495,6.185567,7,1.817332,20,100.0,Lake-event summary,Synthetic deterministic example.
DPO019,DEVT019,DL005,Demo Reference East,24.509804,23.529412,17.647059,7.843137,12.745098,7.843137,5.882353,7,1.8197,20,100.0,Lake-event summary,Synthetic deterministic example.
DPO020,DEVT020,DL005,Demo Reference East,24.271845,25.242718,18.446602,7.76699,13.592233,4.854369,5.825243,7,1.785148,20,100.0,Lake-event summary,Synthetic deterministic example.
DPO021,DEVT021,DL006,Demo Reference Coastal,27.083333,20.833333,17.708333,9.375,11.458333,7.291667,6.250001,7,1.821498,20,100.0,Lake-event summary,Synthetic deterministic example.
DPO022,DEVT022,DL006,Demo Reference Coastal,26.530612,22.44898,18.367347,9.183673,12.244898,5.102041,6.122449,7,1.797908,20,100.0,Lake-event summary,Synthetic deterministic example.
DPO023,DEVT023,DL006,Demo Reference Coastal,25.0,23.076923,18.269231,8.653846,12.5,6.730769,5.769231,7,1.813435,20,100.0,Lake-event summary,Synthetic deterministic example.
DPO024,DEVT024,DL006,Demo Reference Coastal,25.742574,25.742574,14.851485,8.910891,13.861386,4.950495,5.940595,7,1.78778,20,100.0,Lake-event summary,Synthetic deterministic example.
