QA_ID,Event_ID,Lake_ID,Lake_Name,Field_Blank,Procedural_Blank,Blank_Count,Blank_Corrected,Recovery_pct,Spectral_Confirmation_pct,Contamination_Control,Analyst,QA_Status,QA_Notes
DQA001,DEVT001,DL001,Demo Urban North,No,No,0,Not required,95,100,Synthetic example controls,limpidR example generator,Synthetic example,Fictional values solely for software examples/tests.
DQA002,DEVT002,DL001,Demo Urban North,No,No,0,Not required,95,100,Synthetic example controls,limpidR example generator,Synthetic example,Fictional values solely for software examples/tests.
DQA003,DEVT003,DL001,Demo Urban North,No,No,0,Not required,95,100,Synthetic example controls,limpidR example generator,Synthetic example,Fictional values solely for software examples/tests.
DQA004,DEVT004,DL001,Demo Urban North,No,No,0,Not required,95,100,Synthetic example controls,limpidR example generator,Synthetic example,Fictional values solely for software examples/tests.
DQA005,DEVT005,DL002,Demo Urban West,No,No,0,Not required,95,100,Synthetic example controls,limpidR example generator,Synthetic example,Fictional values solely for software examples/tests.
DQA006,DEVT006,DL002,Demo Urban West,No,No,0,Not required,95,100,Synthetic example controls,limpidR example generator,Synthetic example,Fictional values solely for software examples/tests.
DQA007,DEVT007,DL002,Demo Urban West,No,No,0,Not required,95,100,Synthetic example controls,limpidR example generator,Synthetic example,Fictional values solely for software examples/tests.
DQA008,DEVT008,DL002,Demo Urban West,No,No,0,Not required,95,100,Synthetic example controls,limpidR example generator,Synthetic example,Fictional values solely for software examples/tests.
DQA009,DEVT009,DL003,Demo Urban South,No,No,0,Not required,95,100,Synthetic example controls,limpidR example generator,Synthetic example,Fictional values solely for software examples/tests.
DQA010,DEVT010,DL003,Demo Urban South,No,No,0,Not required,95,100,Synthetic example controls,limpidR example generator,Synthetic example,Fictional values solely for software examples/tests.
DQA011,DEVT011,DL003,Demo Urban South,No,No,0,Not required,95,100,Synthetic example controls,limpidR example generator,Synthetic example,Fictional values solely for software examples/tests.
DQA012,DEVT012,DL003,Demo Urban South,No,No,0,Not required,95,100,Synthetic example controls,limpidR example generator,Synthetic example,Fictional values solely for software examples/tests.
DQA013,DEVT013,DL004,Demo Reference Hill,No,No,0,Not required,95,100,Synthetic example controls,limpidR example generator,Synthetic example,Fictional values solely for software examples/tests.
DQA014,DEVT014,DL004,Demo Reference Hill,No,No,0,Not required,95,100,Synthetic example controls,limpidR example generator,Synthetic example,Fictional values solely for software examples/tests.
DQA015,DEVT015,DL004,Demo Reference Hill,No,No,0,Not required,95,100,Synthetic example controls,limpidR example generator,Synthetic example,Fictional values solely for software examples/tests.
DQA016,DEVT016,DL004,Demo Reference Hill,No,No,0,Not required,95,100,Synthetic example controls,limpidR example generator,Synthetic example,Fictional values solely for software examples/tests.
DQA017,DEVT017,DL005,Demo Reference East,No,No,0,Not required,95,100,Synthetic example controls,limpidR example generator,Synthetic example,Fictional values solely for software examples/tests.
DQA018,DEVT018,DL005,Demo Reference East,No,No,0,Not required,95,100,Synthetic example controls,limpidR example generator,Synthetic example,Fictional values solely for software examples/tests.
DQA019,DEVT019,DL005,Demo Reference East,No,No,0,Not required,95,100,Synthetic example controls,limpidR example generator,Synthetic example,Fictional values solely for software examples/tests.
DQA020,DEVT020,DL005,Demo Reference East,No,No,0,Not required,95,100,Synthetic example controls,limpidR example generator,Synthetic example,Fictional values solely for software examples/tests.
DQA021,DEVT021,DL006,Demo Reference Coastal,No,No,0,Not required,95,100,Synthetic example controls,limpidR example generator,Synthetic example,Fictional values solely for software examples/tests.
DQA022,DEVT022,DL006,Demo Reference Coastal,No,No,0,Not required,95,100,Synthetic example controls,limpidR example generator,Synthetic example,Fictional values solely for software examples/tests.
DQA023,DEVT023,DL006,Demo Reference Coastal,No,No,0,Not required,95,100,Synthetic example controls,limpidR example generator,Synthetic example,Fictional values solely for software examples/tests.
DQA024,DEVT024,DL006,Demo Reference Coastal,No,No,0,Not required,95,100,Synthetic example controls,limpidR example generator,Synthetic example,Fictional values solely for software examples/tests.
