Sheet,Field,Type,Unit,Role,Definition,Missing-value rule,Release note
Lake_Master,Lake_ID,field,,Schema field,Lake ID,Blank = missing/not applicable.,Synthetic example schema.
Lake_Master,Lake_Name,field,,Schema field,Lake Name,Blank = missing/not applicable.,Synthetic example schema.
Lake_Master,Lake_Type,field,,Schema field,Lake Type,Blank = missing/not applicable.,Synthetic example schema.
Lake_Master,Reference_Qualifier,field,,Schema field,Reference Qualifier,Blank = missing/not applicable.,Synthetic example schema.
Lake_Master,Region_Group,field,,Schema field,Region Group,Blank = missing/not applicable.,Synthetic example schema.
Lake_Master,City_or_District,field,,Schema field,City or District,Blank = missing/not applicable.,Synthetic example schema.
Lake_Master,State_UT,field,,Schema field,State UT,Blank = missing/not applicable.,Synthetic example schema.
Lake_Master,Country,field,,Schema field,Country,Blank = missing/not applicable.,Synthetic example schema.
Lake_Master,Latitude,field,,Schema field,Latitude,Blank = missing/not applicable.,Synthetic example schema.
Lake_Master,Longitude,field,,Schema field,Longitude,Blank = missing/not applicable.,Synthetic example schema.
Lake_Master,Catchment_Name,field,,Schema field,Catchment Name,Blank = missing/not applicable.,Synthetic example schema.
Lake_Master,Lake_Area_km2,field,,Schema field,Lake Area km2,Blank = missing/not applicable.,Synthetic example schema.
Lake_Master,Mean_Depth_m,field,,Schema field,Mean Depth m,Blank = missing/not applicable.,Synthetic example schema.
Lake_Master,Max_Depth_m,field,,Schema field,Max Depth m,Blank = missing/not applicable.,Synthetic example schema.
Lake_Master,Urbanisation_Class,field,,Schema field,Urbanisation Class,Blank = missing/not applicable.,Synthetic example schema.
Lake_Master,Data_Status,field,,Schema field,Data Status,Blank = missing/not applicable.,Synthetic example schema.
Lake_Master,Notes,field,,Schema field,Notes,Blank = missing/not applicable.,Synthetic example schema.
Sampling_Events,Event_ID,field,,Schema field,Event ID,Blank = missing/not applicable.,Synthetic example schema.
Sampling_Events,Lake_ID,field,,Schema field,Lake ID,Blank = missing/not applicable.,Synthetic example schema.
Sampling_Events,Lake_Name,field,,Schema field,Lake Name,Blank = missing/not applicable.,Synthetic example schema.
Sampling_Events,Sampling_Date,field,,Schema field,Sampling Date,Blank = missing/not applicable.,Synthetic example schema.
Sampling_Events,Event_Label,field,,Schema field,Event Label,Blank = missing/not applicable.,Synthetic example schema.
Sampling_Events,Season_Source,field,,Schema field,Season Source,Blank = missing/not applicable.,Synthetic example schema.
Sampling_Events,Season_Global,field,,Schema field,Season Global,Blank = missing/not applicable.,Synthetic example schema.
Sampling_Events,Matrix,field,,Schema field,Matrix,Blank = missing/not applicable.,Synthetic example schema.
Sampling_Events,Sampling_Level,field,,Schema field,Sampling Level,Blank = missing/not applicable.,Synthetic example schema.
Sampling_Events,Stations_N,field,,Schema field,Stations N,Blank = missing/not applicable.,Synthetic example schema.
Sampling_Events,Depths_N,field,,Schema field,Depths N,Blank = missing/not applicable.,Synthetic example schema.
Sampling_Events,Sample_Amount_per_unit,field,,Schema field,Sample Amount per unit,Blank = missing/not applicable.,Synthetic example schema.
Sampling_Events,Sample_Unit,field,,Schema field,Sample Unit,Blank = missing/not applicable.,Synthetic example schema.
Sampling_Events,N_abundance_units,field,,Schema field,N abundance units,Blank = missing/not applicable.,Synthetic example schema.
Sampling_Events,Composition_Level,field,,Schema field,Composition Level,Blank = missing/not applicable.,Synthetic example schema.
Sampling_Events,Method_ID,field,,Schema field,Method ID,Blank = missing/not applicable.,Synthetic example schema.
Sampling_Events,Source_File,field,,Schema field,Source File,Blank = missing/not applicable.,Synthetic example schema.
Sampling_Events,QA_Flag,field,,Schema field,QA Flag,Blank = missing/not applicable.,Synthetic example schema.
MP_Abundance,Abundance_ID,field,,Schema field,Abundance ID,Blank = missing/not applicable.,Synthetic example schema.
MP_Abundance,Event_ID,field,,Schema field,Event ID,Blank = missing/not applicable.,Synthetic example schema.
MP_Abundance,Lake_ID,field,,Schema field,Lake ID,Blank = missing/not applicable.,Synthetic example schema.
MP_Abundance,Lake_Name,field,,Schema field,Lake Name,Blank = missing/not applicable.,Synthetic example schema.
MP_Abundance,Matrix,field,,Schema field,Matrix,Blank = missing/not applicable.,Synthetic example schema.
MP_Abundance,MP_Mean,field,,Schema field,MP Mean,Blank = missing/not applicable.,Synthetic example schema.
MP_Abundance,MP_SD,field,,Schema field,MP SD,Blank = missing/not applicable.,Synthetic example schema.
MP_Abundance,Unit,field,,Schema field,Unit,Blank = missing/not applicable.,Synthetic example schema.
MP_Abundance,N_Units,field,,Schema field,N Units,Blank = missing/not applicable.,Synthetic example schema.
MP_Abundance,Summary_Level,field,,Schema field,Summary Level,Blank = missing/not applicable.,Synthetic example schema.
MP_Abundance,QA_Note,field,,Schema field,QA Note,Blank = missing/not applicable.,Synthetic example schema.
Morphology_Composition,Morph_ID,field,,Schema field,Morph ID,Blank = missing/not applicable.,Synthetic example schema.
Morphology_Composition,Event_ID,field,,Schema field,Event ID,Blank = missing/not applicable.,Synthetic example schema.
Morphology_Composition,Lake_ID,field,,Schema field,Lake ID,Blank = missing/not applicable.,Synthetic example schema.
Morphology_Composition,Lake_Name,field,,Schema field,Lake Name,Blank = missing/not applicable.,Synthetic example schema.
Morphology_Composition,Fibres_pct,field,,Schema field,Fibres pct,Blank = missing/not applicable.,Synthetic example schema.
Morphology_Composition,Fragments_pct,field,,Schema field,Fragments pct,Blank = missing/not applicable.,Synthetic example schema.
Morphology_Composition,Films_pct,field,,Schema field,Films pct,Blank = missing/not applicable.,Synthetic example schema.
Morphology_Composition,Beads_pct,field,,Schema field,Beads pct,Blank = missing/not applicable.,Synthetic example schema.
Morphology_Composition,Sum_pct,field,,Schema field,Sum pct,Blank = missing/not applicable.,Synthetic example schema.
Morphology_Composition,Composition_Level,field,,Schema field,Composition Level,Blank = missing/not applicable.,Synthetic example schema.
Morphology_Composition,QA_Note,field,,Schema field,QA Note,Blank = missing/not applicable.,Synthetic example schema.
Size_Composition,Size_ID,field,,Schema field,Size ID,Blank = missing/not applicable.,Synthetic example schema.
Size_Composition,Event_ID,field,,Schema field,Event ID,Blank = missing/not applicable.,Synthetic example schema.
Size_Composition,Lake_ID,field,,Schema field,Lake ID,Blank = missing/not applicable.,Synthetic example schema.
Size_Composition,Lake_Name,field,,Schema field,Lake Name,Blank = missing/not applicable.,Synthetic example schema.
Size_Composition,Fine_LT250_pct,field,,Schema field,Fine LT250 pct,Blank = missing/not applicable.,Synthetic example schema.
Size_Composition,Intermediate_250_1000_pct,field,,Schema field,Intermediate 250 1000 pct,Blank = missing/not applicable.,Synthetic example schema.
Size_Composition,Coarse_GT1000_pct,field,,Schema field,Coarse GT1000 pct,Blank = missing/not applicable.,Synthetic example schema.
Size_Composition,Sum_pct,field,,Schema field,Sum pct,Blank = missing/not applicable.,Synthetic example schema.
Size_Composition,Composition_Level,field,,Schema field,Composition Level,Blank = missing/not applicable.,Synthetic example schema.
Size_Composition,QA_Note,field,,Schema field,QA Note,Blank = missing/not applicable.,Synthetic example schema.
Polymer_Composition,Polymer_ID,field,,Schema field,Polymer ID,Blank = missing/not applicable.,Synthetic example schema.
Polymer_Composition,Event_ID,field,,Schema field,Event ID,Blank = missing/not applicable.,Synthetic example schema.
Polymer_Composition,Lake_ID,field,,Schema field,Lake ID,Blank = missing/not applicable.,Synthetic example schema.
Polymer_Composition,Lake_Name,field,,Schema field,Lake Name,Blank = missing/not applicable.,Synthetic example schema.
Polymer_Composition,PE_pct,field,,Schema field,PE pct,Blank = missing/not applicable.,Synthetic example schema.
Polymer_Composition,PP_pct,field,,Schema field,PP pct,Blank = missing/not applicable.,Synthetic example schema.
Polymer_Composition,PET_PES_pct,field,,Schema field,PET PES pct,Blank = missing/not applicable.,Synthetic example schema.
Polymer_Composition,PA_Nylon_pct,field,,Schema field,PA Nylon pct,Blank = missing/not applicable.,Synthetic example schema.
Polymer_Composition,PS_EPS_pct,field,,Schema field,PS EPS pct,Blank = missing/not applicable.,Synthetic example schema.
Polymer_Composition,PVC_pct,field,,Schema field,PVC pct,Blank = missing/not applicable.,Synthetic example schema.
Polymer_Composition,OtherPolymer_pct,field,,Schema field,OtherPolymer pct,Blank = missing/not applicable.,Synthetic example schema.
Polymer_Composition,Polymer_Richness,field,,Schema field,Polymer Richness,Blank = missing/not applicable.,Synthetic example schema.
Polymer_Composition,Polymer_Shannon,field,,Schema field,Polymer Shannon,Blank = missing/not applicable.,Synthetic example schema.
Polymer_Composition,Polymer_Profile_N,field,,Schema field,Polymer Profile N,Blank = missing/not applicable.,Synthetic example schema.
Polymer_Composition,Sum_pct,field,,Schema field,Sum pct,Blank = missing/not applicable.,Synthetic example schema.
Polymer_Composition,Composition_Level,field,,Schema field,Composition Level,Blank = missing/not applicable.,Synthetic example schema.
Polymer_Composition,QA_Note,field,,Schema field,QA Note,Blank = missing/not applicable.,Synthetic example schema.
Method_Metadata,Method_ID,field,,Schema field,Method ID,Blank = missing/not applicable.,Synthetic example schema.
Method_Metadata,Scope,field,,Schema field,Scope,Blank = missing/not applicable.,Synthetic example schema.
Method_Metadata,Matrix,field,,Schema field,Matrix,Blank = missing/not applicable.,Synthetic example schema.
Method_Metadata,Sampler,field,,Schema field,Sampler,Blank = missing/not applicable.,Synthetic example schema.
Method_Metadata,Collection_Amount,field,,Schema field,Collection Amount,Blank = missing/not applicable.,Synthetic example schema.
Method_Metadata,Collection_Unit,field,,Schema field,Collection Unit,Blank = missing/not applicable.,Synthetic example schema.
Method_Metadata,Stations_N,field,,Schema field,Stations N,Blank = missing/not applicable.,Synthetic example schema.
Method_Metadata,Depths_N,field,,Schema field,Depths N,Blank = missing/not applicable.,Synthetic example schema.
Method_Metadata,Depth_Protocol,field,,Schema field,Depth Protocol,Blank = missing/not applicable.,Synthetic example schema.
Method_Metadata,Digestion,field,,Schema field,Digestion,Blank = missing/not applicable.,Synthetic example schema.
Method_Metadata,Density_Separation,field,,Schema field,Density Separation,Blank = missing/not applicable.,Synthetic example schema.
Method_Metadata,Filter_or_Mesh_um,field,,Schema field,Filter or Mesh um,Blank = missing/not applicable.,Synthetic example schema.
Method_Metadata,Filter_Material,field,,Schema field,Filter Material,Blank = missing/not applicable.,Synthetic example schema.
Method_Metadata,Microscopy,field,,Schema field,Microscopy,Blank = missing/not applicable.,Synthetic example schema.
Method_Metadata,Fluorescence_Dye,field,,Schema field,Fluorescence Dye,Blank = missing/not applicable.,Synthetic example schema.
Method_Metadata,Spectroscopy,field,,Schema field,Spectroscopy,Blank = missing/not applicable.,Synthetic example schema.
Method_Metadata,Spectroscopy_Subset_N,field,,Schema field,Spectroscopy Subset N,Blank = missing/not applicable.,Synthetic example schema.
Method_Metadata,QAQC_Blanks,field,,Schema field,QAQC Blanks,Blank = missing/not applicable.,Synthetic example schema.
Method_Metadata,Recovery_Test,field,,Schema field,Recovery Test,Blank = missing/not applicable.,Synthetic example schema.
Method_Metadata,Contamination_Control,field,,Schema field,Contamination Control,Blank = missing/not applicable.,Synthetic example schema.
Method_Metadata,Method_Status,field,,Schema field,Method Status,Blank = missing/not applicable.,Synthetic example schema.
Method_Metadata,Notes,field,,Schema field,Notes,Blank = missing/not applicable.,Synthetic example schema.
QAQC,QA_ID,field,,Schema field,QA ID,Blank = missing/not applicable.,Synthetic example schema.
QAQC,Event_ID,field,,Schema field,Event ID,Blank = missing/not applicable.,Synthetic example schema.
QAQC,Lake_ID,field,,Schema field,Lake ID,Blank = missing/not applicable.,Synthetic example schema.
QAQC,Lake_Name,field,,Schema field,Lake Name,Blank = missing/not applicable.,Synthetic example schema.
QAQC,Field_Blank,field,,Schema field,Field Blank,Blank = missing/not applicable.,Synthetic example schema.
QAQC,Procedural_Blank,field,,Schema field,Procedural Blank,Blank = missing/not applicable.,Synthetic example schema.
QAQC,Blank_Count,field,,Schema field,Blank Count,Blank = missing/not applicable.,Synthetic example schema.
QAQC,Blank_Corrected,field,,Schema field,Blank Corrected,Blank = missing/not applicable.,Synthetic example schema.
QAQC,Recovery_pct,field,,Schema field,Recovery pct,Blank = missing/not applicable.,Synthetic example schema.
QAQC,Spectral_Confirmation_pct,field,,Schema field,Spectral Confirmation pct,Blank = missing/not applicable.,Synthetic example schema.
QAQC,Contamination_Control,field,,Schema field,Contamination Control,Blank = missing/not applicable.,Synthetic example schema.
QAQC,Analyst,field,,Schema field,Analyst,Blank = missing/not applicable.,Synthetic example schema.
QAQC,QA_Status,field,,Schema field,QA Status,Blank = missing/not applicable.,Synthetic example schema.
QAQC,QA_Notes,field,,Schema field,QA Notes,Blank = missing/not applicable.,Synthetic example schema.
Source_References,Source_ID,field,,Schema field,Source ID,Blank = missing/not applicable.,Synthetic example schema.
Source_References,Source_Type,field,,Schema field,Source Type,Blank = missing/not applicable.,Synthetic example schema.
Source_References,Citation_or_File,field,,Schema field,Citation or File,Blank = missing/not applicable.,Synthetic example schema.
Source_References,DOI_or_URL,field,,Schema field,DOI or URL,Blank = missing/not applicable.,Synthetic example schema.
Source_References,Applies_To,field,,Schema field,Applies To,Blank = missing/not applicable.,Synthetic example schema.
Source_References,Version_or_Date,field,,Schema field,Version or Date,Blank = missing/not applicable.,Synthetic example schema.
Source_References,Notes,field,,Schema field,Notes,Blank = missing/not applicable.,Synthetic example schema.
Station_Master,Station_ID,field,,Schema field,Station ID,Blank = missing/not applicable.,Synthetic example schema.
Station_Master,Lake_ID,field,,Schema field,Lake ID,Blank = missing/not applicable.,Synthetic example schema.
Station_Master,Lake_Name,field,,Schema field,Lake Name,Blank = missing/not applicable.,Synthetic example schema.
Station_Master,Station_Code,field,,Schema field,Station Code,Blank = missing/not applicable.,Synthetic example schema.
Station_Master,Station_Name,field,,Schema field,Station Name,Blank = missing/not applicable.,Synthetic example schema.
Station_Master,Zone,field,,Schema field,Zone,Blank = missing/not applicable.,Synthetic example schema.
Station_Master,Latitude,field,,Schema field,Latitude,Blank = missing/not applicable.,Synthetic example schema.
Station_Master,Longitude,field,,Schema field,Longitude,Blank = missing/not applicable.,Synthetic example schema.
Station_Master,Coordinate_Source,field,,Schema field,Coordinate Source,Blank = missing/not applicable.,Synthetic example schema.
Station_Master,Source_URL,field,,Schema field,Source URL,Blank = missing/not applicable.,Synthetic example schema.
Station_Master,Data_Status,field,,Schema field,Data Status,Blank = missing/not applicable.,Synthetic example schema.
Station_Master,Notes,field,,Schema field,Notes,Blank = missing/not applicable.,Synthetic example schema.
Environmental_Context,Context_ID,field,,Schema field,Context ID,Blank = missing/not applicable.,Synthetic example schema.
Environmental_Context,Event_ID,field,,Schema field,Event ID,Blank = missing/not applicable.,Synthetic example schema.
Environmental_Context,Lake_ID,field,,Schema field,Lake ID,Blank = missing/not applicable.,Synthetic example schema.
Environmental_Context,Lake_Name,field,,Schema field,Lake Name,Blank = missing/not applicable.,Synthetic example schema.
Environmental_Context,Rainfall_mm,field,,Schema field,Rainfall mm,Blank = missing/not applicable.,Synthetic example schema.
Environmental_Context,Air_Temp_C,field,,Schema field,Air Temp C,Blank = missing/not applicable.,Synthetic example schema.
Environmental_Context,Water_Temp_C,field,,Schema field,Water Temp C,Blank = missing/not applicable.,Synthetic example schema.
Environmental_Context,Lake_Level_m,field,,Schema field,Lake Level m,Blank = missing/not applicable.,Synthetic example schema.
Environmental_Context,Turbidity_NTU,field,,Schema field,Turbidity NTU,Blank = missing/not applicable.,Synthetic example schema.
Environmental_Context,TSS_mg_L,field,,Schema field,TSS mg L,Blank = missing/not applicable.,Synthetic example schema.
Environmental_Context,Conductivity_uS_cm,field,,Schema field,Conductivity uS cm,Blank = missing/not applicable.,Synthetic example schema.
Environmental_Context,pH,field,,Schema field,pH,Blank = missing/not applicable.,Synthetic example schema.
Environmental_Context,DO_mg_L,field,,Schema field,DO mg L,Blank = missing/not applicable.,Synthetic example schema.
Environmental_Context,Catchment_Urban_Land_pct,field,,Schema field,Catchment Urban Land pct,Blank = missing/not applicable.,Synthetic example schema.
Environmental_Context,Population_Density_per_km2,field,,Schema field,Population Density per km2,Blank = missing/not applicable.,Synthetic example schema.
Environmental_Context,Wastewater_Input_Category,field,,Schema field,Wastewater Input Category,Blank = missing/not applicable.,Synthetic example schema.
Environmental_Context,Data_Source,field,,Schema field,Data Source,Blank = missing/not applicable.,Synthetic example schema.
Environmental_Context,Temporal_Match,field,,Schema field,Temporal Match,Blank = missing/not applicable.,Synthetic example schema.
Environmental_Context,Context_Status,field,,Schema field,Context Status,Blank = missing/not applicable.,Synthetic example schema.
Environmental_Context,Notes,field,,Schema field,Notes,Blank = missing/not applicable.,Synthetic example schema.
Enrichment_Provenance,Record_ID,field,,Schema field,Record ID,Blank = missing/not applicable.,Synthetic example schema.
Enrichment_Provenance,Lake_ID,field,,Schema field,Lake ID,Blank = missing/not applicable.,Synthetic example schema.
Enrichment_Provenance,Event_ID,field,,Schema field,Event ID,Blank = missing/not applicable.,Synthetic example schema.
Enrichment_Provenance,Variable,field,,Schema field,Variable,Blank = missing/not applicable.,Synthetic example schema.
Enrichment_Provenance,Value,field,,Schema field,Value,Blank = missing/not applicable.,Synthetic example schema.
Enrichment_Provenance,Unit,field,,Schema field,Unit,Blank = missing/not applicable.,Synthetic example schema.
Enrichment_Provenance,Source_Organisation,field,,Schema field,Source Organisation,Blank = missing/not applicable.,Synthetic example schema.
Enrichment_Provenance,Source_Type,field,,Schema field,Source Type,Blank = missing/not applicable.,Synthetic example schema.
Enrichment_Provenance,Source_URL,field,,Schema field,Source URL,Blank = missing/not applicable.,Synthetic example schema.
Enrichment_Provenance,Retrieval_Date,field,,Schema field,Retrieval Date,Blank = missing/not applicable.,Synthetic example schema.
Enrichment_Provenance,Spatial_Scope,field,,Schema field,Spatial Scope,Blank = missing/not applicable.,Synthetic example schema.
Enrichment_Provenance,Temporal_Scope,field,,Schema field,Temporal Scope,Blank = missing/not applicable.,Synthetic example schema.
Enrichment_Provenance,Spatial_Match,field,,Schema field,Spatial Match,Blank = missing/not applicable.,Synthetic example schema.
Enrichment_Provenance,Temporal_Match,field,,Schema field,Temporal Match,Blank = missing/not applicable.,Synthetic example schema.
Enrichment_Provenance,Confidence_Class,field,,Schema field,Confidence Class,Blank = missing/not applicable.,Synthetic example schema.
Enrichment_Provenance,Use_For_Modeling,field,,Schema field,Use For Modeling,Blank = missing/not applicable.,Synthetic example schema.
Enrichment_Provenance,Notes,field,,Schema field,Notes,Blank = missing/not applicable.,Synthetic example schema.
Catchment_Standard,Lake_ID,field,,Schema field,Lake ID,Blank = missing/not applicable.,Synthetic example schema.
Catchment_Standard,Lake_Name,field,,Schema field,Lake Name,Blank = missing/not applicable.,Synthetic example schema.
Catchment_Standard,Lake_Type,field,,Schema field,Lake Type,Blank = missing/not applicable.,Synthetic example schema.
Catchment_Standard,Reported_Catchment_Area_km2,field,,Schema field,Reported Catchment Area km2,Blank = missing/not applicable.,Synthetic example schema.
Catchment_Standard,Reported_Catchment_Source,field,,Schema field,Reported Catchment Source,Blank = missing/not applicable.,Synthetic example schema.
Catchment_Standard,Reported_Catchment_URL,field,,Schema field,Reported Catchment URL,Blank = missing/not applicable.,Synthetic example schema.
Catchment_Standard,Hydrologic_Catchment_Standard,field,,Schema field,Hydrologic Catchment Standard,Blank = missing/not applicable.,Synthetic example schema.
Catchment_Standard,HydroBASINS_Level,field,,Schema field,HydroBASINS Level,Blank = missing/not applicable.,Synthetic example schema.
Catchment_Standard,HydroBASINS_ID,field,,Schema field,HydroBASINS ID,Blank = missing/not applicable.,Synthetic example schema.
Catchment_Standard,HydroBASINS_Status,field,,Schema field,HydroBASINS Status,Blank = missing/not applicable.,Synthetic example schema.
Catchment_Standard,Comparable_Landscape_Context,field,,Schema field,Comparable Landscape Context,Blank = missing/not applicable.,Synthetic example schema.
Catchment_Standard,Context_Buffer_km,field,,Schema field,Context Buffer km,Blank = missing/not applicable.,Synthetic example schema.
Catchment_Standard,Context_Buffer_Status,field,,Schema field,Context Buffer Status,Blank = missing/not applicable.,Synthetic example schema.
Catchment_Standard,WorldCover_Product,field,,Schema field,WorldCover Product,Blank = missing/not applicable.,Synthetic example schema.
Catchment_Standard,WorldCover_Statistic,field,,Schema field,WorldCover Statistic,Blank = missing/not applicable.,Synthetic example schema.
Catchment_Standard,WorldCover_Status,field,,Schema field,WorldCover Status,Blank = missing/not applicable.,Synthetic example schema.
Catchment_Standard,WorldPop_Product,field,,Schema field,WorldPop Product,Blank = missing/not applicable.,Synthetic example schema.
Catchment_Standard,WorldPop_Statistic,field,,Schema field,WorldPop Statistic,Blank = missing/not applicable.,Synthetic example schema.
Catchment_Standard,WorldPop_Status,field,,Schema field,WorldPop Status,Blank = missing/not applicable.,Synthetic example schema.
Catchment_Standard,Primary_Model_Unit,field,,Schema field,Primary Model Unit,Blank = missing/not applicable.,Synthetic example schema.
Catchment_Standard,Scientific_Note,field,,Schema field,Scientific Note,Blank = missing/not applicable.,Synthetic example schema.
WaterQuality_External,WQ_ID,field,,Schema field,WQ ID,Blank = missing/not applicable.,Synthetic example schema.
WaterQuality_External,Event_ID,field,,Schema field,Event ID,Blank = missing/not applicable.,Synthetic example schema.
WaterQuality_External,Lake_ID,field,,Schema field,Lake ID,Blank = missing/not applicable.,Synthetic example schema.
WaterQuality_External,Lake_Name,field,,Schema field,Lake Name,Blank = missing/not applicable.,Synthetic example schema.
WaterQuality_External,Station_or_Location,field,,Schema field,Station or Location,Blank = missing/not applicable.,Synthetic example schema.
WaterQuality_External,Sampling_Date,field,,Schema field,Sampling Date,Blank = missing/not applicable.,Synthetic example schema.
WaterQuality_External,pH,field,,Schema field,pH,Blank = missing/not applicable.,Synthetic example schema.
WaterQuality_External,DO_mg_L,field,,Schema field,DO mg L,Blank = missing/not applicable.,Synthetic example schema.
WaterQuality_External,BOD_mg_L,field,,Schema field,BOD mg L,Blank = missing/not applicable.,Synthetic example schema.
WaterQuality_External,COD_mg_L,field,,Schema field,COD mg L,Blank = missing/not applicable.,Synthetic example schema.
WaterQuality_External,Conductivity_uS_cm,field,,Schema field,Conductivity uS cm,Blank = missing/not applicable.,Synthetic example schema.
WaterQuality_External,Turbidity_NTU,field,,Schema field,Turbidity NTU,Blank = missing/not applicable.,Synthetic example schema.
WaterQuality_External,TDS_mg_L,field,,Schema field,TDS mg L,Blank = missing/not applicable.,Synthetic example schema.
WaterQuality_External,Total_Solids_mg_L,field,,Schema field,Total Solids mg L,Blank = missing/not applicable.,Synthetic example schema.
WaterQuality_External,TSS_mg_L,field,,Schema field,TSS mg L,Blank = missing/not applicable.,Synthetic example schema.
WaterQuality_External,Source_Agency,field,,Schema field,Source Agency,Blank = missing/not applicable.,Synthetic example schema.
WaterQuality_External,Source_URL,field,,Schema field,Source URL,Blank = missing/not applicable.,Synthetic example schema.
WaterQuality_External,Temporal_Match,field,,Schema field,Temporal Match,Blank = missing/not applicable.,Synthetic example schema.
WaterQuality_External,Spatial_Match,field,,Schema field,Spatial Match,Blank = missing/not applicable.,Synthetic example schema.
WaterQuality_External,Special_Event_Context,field,,Schema field,Special Event Context,Blank = missing/not applicable.,Synthetic example schema.
WaterQuality_External,Model_Use,field,,Schema field,Model Use,Blank = missing/not applicable.,Synthetic example schema.
WaterQuality_External,Notes,field,,Schema field,Notes,Blank = missing/not applicable.,Synthetic example schema.
WaterQuality_Event_Summary,Event_ID,field,,Schema field,Event ID,Blank = missing/not applicable.,Synthetic example schema.
WaterQuality_Event_Summary,Lake_ID,field,,Schema field,Lake ID,Blank = missing/not applicable.,Synthetic example schema.
WaterQuality_Event_Summary,Lake_Name,field,,Schema field,Lake Name,Blank = missing/not applicable.,Synthetic example schema.
WaterQuality_Event_Summary,Month,field,,Schema field,Month,Blank = missing/not applicable.,Synthetic example schema.
WaterQuality_Event_Summary,N_Official_Observations,field,,Schema field,N Official Observations,Blank = missing/not applicable.,Synthetic example schema.
WaterQuality_Event_Summary,pH_mean,field,,Schema field,pH mean,Blank = missing/not applicable.,Synthetic example schema.
WaterQuality_Event_Summary,DO_mean_mg_L,field,,Schema field,DO mean mg L,Blank = missing/not applicable.,Synthetic example schema.
WaterQuality_Event_Summary,Conductivity_mean_uS_cm,field,,Schema field,Conductivity mean uS cm,Blank = missing/not applicable.,Synthetic example schema.
WaterQuality_Event_Summary,Turbidity_mean_NTU,field,,Schema field,Turbidity mean NTU,Blank = missing/not applicable.,Synthetic example schema.
WaterQuality_Event_Summary,BOD_mean_mg_L,field,,Schema field,BOD mean mg L,Blank = missing/not applicable.,Synthetic example schema.
WaterQuality_Event_Summary,COD_mean_mg_L,field,,Schema field,COD mean mg L,Blank = missing/not applicable.,Synthetic example schema.
WaterQuality_Event_Summary,TDS_mean_mg_L,field,,Schema field,TDS mean mg L,Blank = missing/not applicable.,Synthetic example schema.
WaterQuality_Event_Summary,Model_Use,field,,Schema field,Model Use,Blank = missing/not applicable.,Synthetic example schema.
WaterQuality_Event_Summary,Aggregation_Rule,field,,Schema field,Aggregation Rule,Blank = missing/not applicable.,Synthetic example schema.
Controlled_Vocab,Category,field,,Schema field,Category,Blank = missing/not applicable.,Synthetic example schema.
Controlled_Vocab,Allowed_Value,field,,Schema field,Allowed Value,Blank = missing/not applicable.,Synthetic example schema.
Controlled_Vocab,Definition,field,,Schema field,Definition,Blank = missing/not applicable.,Synthetic example schema.
Model_Readiness,Event_ID,field,,Schema field,Event ID,Blank = missing/not applicable.,Synthetic example schema.
Model_Readiness,Lake_ID,field,,Schema field,Lake ID,Blank = missing/not applicable.,Synthetic example schema.
Model_Readiness,Lake_Name,field,,Schema field,Lake Name,Blank = missing/not applicable.,Synthetic example schema.
Model_Readiness,Event_Label,field,,Schema field,Event Label,Blank = missing/not applicable.,Synthetic example schema.
Model_Readiness,MP_Response_Ready,field,,Schema field,MP Response Ready,Blank = missing/not applicable.,Synthetic example schema.
Model_Readiness,NASA_Climate_Direct,field,,Schema field,NASA Climate Direct,Blank = missing/not applicable.,Synthetic example schema.
Model_Readiness,IMD_Climate_Validation,field,,Schema field,IMD Climate Validation,Blank = missing/not applicable.,Synthetic example schema.
Model_Readiness,Catchment_Geometry,field,,Schema field,Catchment Geometry,Blank = missing/not applicable.,Synthetic example schema.
Model_Readiness,ESA_WorldCover_Urban_pct,field,,Schema field,ESA WorldCover Urban pct,Blank = missing/not applicable.,Synthetic example schema.
Model_Readiness,WorldPop_Density,field,,Schema field,WorldPop Density,Blank = missing/not applicable.,Synthetic example schema.
Model_Readiness,Official_WQ_Match,field,,Schema field,Official WQ Match,Blank = missing/not applicable.,Synthetic example schema.
Model_Readiness,Primary_Environmental_Model,field,,Schema field,Primary Environmental Model,Blank = missing/not applicable.,Synthetic example schema.
Model_Readiness,Sensitivity_Model,field,,Schema field,Sensitivity Model,Blank = missing/not applicable.,Synthetic example schema.
Model_Readiness,Main_Blocker,field,,Schema field,Main Blocker,Blank = missing/not applicable.,Synthetic example schema.
Model_Readiness,Recommended_Use,field,,Schema field,Recommended Use,Blank = missing/not applicable.,Synthetic example schema.
