Event_ID,Lake_ID,Lake_Name,Event_Label,MP_Response_Ready,NASA_Climate_Direct,IMD_Climate_Validation,Catchment_Geometry,ESA_WorldCover_Urban_pct,WorldPop_Density,Official_WQ_Match,Primary_Environmental_Model,Sensitivity_Model,Main_Blocker,Recommended_Use
DEVT001,DL001,Demo Urban North,Jan-24,Yes,Synthetic direct,Not applicable,Synthetic geometry,Yes,Yes,Synthetic exact match,Yes,Yes,None - synthetic example,Software demonstration only; not for scientific inference.
DEVT002,DL001,Demo Urban North,Apr-24,Yes,Synthetic direct,Not applicable,Synthetic geometry,Yes,Yes,Synthetic exact match,Yes,Yes,None - synthetic example,Software demonstration only; not for scientific inference.
DEVT003,DL001,Demo Urban North,Jul-24,Yes,Synthetic direct,Not applicable,Synthetic geometry,Yes,Yes,Synthetic exact match,Yes,Yes,None - synthetic example,Software demonstration only; not for scientific inference.
DEVT004,DL001,Demo Urban North,Oct-24,Yes,Synthetic direct,Not applicable,Synthetic geometry,Yes,Yes,Synthetic exact match,Yes,Yes,None - synthetic example,Software demonstration only; not for scientific inference.
DEVT005,DL002,Demo Urban West,Jan-24,Yes,Synthetic direct,Not applicable,Synthetic geometry,Yes,Yes,Synthetic exact match,Yes,Yes,None - synthetic example,Software demonstration only; not for scientific inference.
DEVT006,DL002,Demo Urban West,Apr-24,Yes,Synthetic direct,Not applicable,Synthetic geometry,Yes,Yes,Synthetic exact match,Yes,Yes,None - synthetic example,Software demonstration only; not for scientific inference.
DEVT007,DL002,Demo Urban West,Jul-24,Yes,Synthetic direct,Not applicable,Synthetic geometry,Yes,Yes,Synthetic exact match,Yes,Yes,None - synthetic example,Software demonstration only; not for scientific inference.
DEVT008,DL002,Demo Urban West,Oct-24,Yes,Synthetic direct,Not applicable,Synthetic geometry,Yes,Yes,Synthetic exact match,Yes,Yes,None - synthetic example,Software demonstration only; not for scientific inference.
DEVT009,DL003,Demo Urban South,Jan-24,Yes,Synthetic direct,Not applicable,Synthetic geometry,Yes,Yes,Synthetic exact match,Yes,Yes,None - synthetic example,Software demonstration only; not for scientific inference.
DEVT010,DL003,Demo Urban South,Apr-24,Yes,Synthetic direct,Not applicable,Synthetic geometry,Yes,Yes,Synthetic exact match,Yes,Yes,None - synthetic example,Software demonstration only; not for scientific inference.
DEVT011,DL003,Demo Urban South,Jul-24,Yes,Synthetic direct,Not applicable,Synthetic geometry,Yes,Yes,Synthetic exact match,Yes,Yes,None - synthetic example,Software demonstration only; not for scientific inference.
DEVT012,DL003,Demo Urban South,Oct-24,Yes,Synthetic direct,Not applicable,Synthetic geometry,Yes,Yes,Synthetic exact match,Yes,Yes,None - synthetic example,Software demonstration only; not for scientific inference.
DEVT013,DL004,Demo Reference Hill,Jan-24,Yes,Synthetic direct,Not applicable,Synthetic geometry,Yes,Yes,Synthetic exact match,Yes,Yes,None - synthetic example,Software demonstration only; not for scientific inference.
DEVT014,DL004,Demo Reference Hill,Apr-24,Yes,Synthetic direct,Not applicable,Synthetic geometry,Yes,Yes,Synthetic exact match,Yes,Yes,None - synthetic example,Software demonstration only; not for scientific inference.
DEVT015,DL004,Demo Reference Hill,Jul-24,Yes,Synthetic direct,Not applicable,Synthetic geometry,Yes,Yes,Synthetic exact match,Yes,Yes,None - synthetic example,Software demonstration only; not for scientific inference.
DEVT016,DL004,Demo Reference Hill,Oct-24,Yes,Synthetic direct,Not applicable,Synthetic geometry,Yes,Yes,Synthetic exact match,Yes,Yes,None - synthetic example,Software demonstration only; not for scientific inference.
DEVT017,DL005,Demo Reference East,Jan-24,Yes,Synthetic direct,Not applicable,Synthetic geometry,Yes,Yes,Synthetic exact match,Yes,Yes,None - synthetic example,Software demonstration only; not for scientific inference.
DEVT018,DL005,Demo Reference East,Apr-24,Yes,Synthetic direct,Not applicable,Synthetic geometry,Yes,Yes,Synthetic exact match,Yes,Yes,None - synthetic example,Software demonstration only; not for scientific inference.
DEVT019,DL005,Demo Reference East,Jul-24,Yes,Synthetic direct,Not applicable,Synthetic geometry,Yes,Yes,Synthetic exact match,Yes,Yes,None - synthetic example,Software demonstration only; not for scientific inference.
DEVT020,DL005,Demo Reference East,Oct-24,Yes,Synthetic direct,Not applicable,Synthetic geometry,Yes,Yes,Synthetic exact match,Yes,Yes,None - synthetic example,Software demonstration only; not for scientific inference.
DEVT021,DL006,Demo Reference Coastal,Jan-24,Yes,Synthetic direct,Not applicable,Synthetic geometry,Yes,Yes,Synthetic exact match,Yes,Yes,None - synthetic example,Software demonstration only; not for scientific inference.
DEVT022,DL006,Demo Reference Coastal,Apr-24,Yes,Synthetic direct,Not applicable,Synthetic geometry,Yes,Yes,Synthetic exact match,Yes,Yes,None - synthetic example,Software demonstration only; not for scientific inference.
DEVT023,DL006,Demo Reference Coastal,Jul-24,Yes,Synthetic direct,Not applicable,Synthetic geometry,Yes,Yes,Synthetic exact match,Yes,Yes,None - synthetic example,Software demonstration only; not for scientific inference.
DEVT024,DL006,Demo Reference Coastal,Oct-24,Yes,Synthetic direct,Not applicable,Synthetic geometry,Yes,Yes,Synthetic exact match,Yes,Yes,None - synthetic example,Software demonstration only; not for scientific inference.
