Size_ID,Event_ID,Lake_ID,Lake_Name,Fine_LT250_pct,Intermediate_250_1000_pct,Coarse_GT1000_pct,Sum_pct,Composition_Level,QA_Note
DSZ001,DEVT001,DL001,Demo Urban North,51,38,11,100,Lake-event summary,Synthetic deterministic example.
DSZ002,DEVT002,DL001,Demo Urban North,55,34,11,100,Lake-event summary,Synthetic deterministic example.
DSZ003,DEVT003,DL001,Demo Urban North,59,30,11,100,Lake-event summary,Synthetic deterministic example.
DSZ004,DEVT004,DL001,Demo Urban North,63,26,11,100,Lake-event summary,Synthetic deterministic example.
DSZ005,DEVT005,DL002,Demo Urban West,54,38,8,100,Lake-event summary,Synthetic deterministic example.
DSZ006,DEVT006,DL002,Demo Urban West,58,34,8,100,Lake-event summary,Synthetic deterministic example.
DSZ007,DEVT007,DL002,Demo Urban West,62,30,8,100,Lake-event summary,Synthetic deterministic example.
DSZ008,DEVT008,DL002,Demo Urban West,66,26,8,100,Lake-event summary,Synthetic deterministic example.
DSZ009,DEVT009,DL003,Demo Urban South,57,32,11,100,Lake-event summary,Synthetic deterministic example.
DSZ010,DEVT010,DL003,Demo Urban South,61,28,11,100,Lake-event summary,Synthetic deterministic example.
DSZ011,DEVT011,DL003,Demo Urban South,65,24,11,100,Lake-event summary,Synthetic deterministic example.
DSZ012,DEVT012,DL003,Demo Urban South,69,20,11,100,Lake-event summary,Synthetic deterministic example.
DSZ013,DEVT013,DL004,Demo Reference Hill,60,32,8,100,Lake-event summary,Synthetic deterministic example.
DSZ014,DEVT014,DL004,Demo Reference Hill,64,28,8,100,Lake-event summary,Synthetic deterministic example.
DSZ015,DEVT015,DL004,Demo Reference Hill,68,24,8,100,Lake-event summary,Synthetic deterministic example.
DSZ016,DEVT016,DL004,Demo Reference Hill,72,20,8,100,Lake-event summary,Synthetic deterministic example.
DSZ017,DEVT017,DL005,Demo Reference East,63,26,11,100,Lake-event summary,Synthetic deterministic example.
DSZ018,DEVT018,DL005,Demo Reference East,67,22,11,100,Lake-event summary,Synthetic deterministic example.
DSZ019,DEVT019,DL005,Demo Reference East,71,18,11,100,Lake-event summary,Synthetic deterministic example.
DSZ020,DEVT020,DL005,Demo Reference East,75,14,11,100,Lake-event summary,Synthetic deterministic example.
DSZ021,DEVT021,DL006,Demo Reference Coastal,66,26,8,100,Lake-event summary,Synthetic deterministic example.
DSZ022,DEVT022,DL006,Demo Reference Coastal,70,22,8,100,Lake-event summary,Synthetic deterministic example.
DSZ023,DEVT023,DL006,Demo Reference Coastal,74,18,8,100,Lake-event summary,Synthetic deterministic example.
DSZ024,DEVT024,DL006,Demo Reference Coastal,78,14,8,100,Lake-event summary,Synthetic deterministic example.
